Date,Open,High,Low,Close,Volume,Dividends,Stock Splits,Daily Return,50MA,200MA,EMA12,EMA26,MACD,Signal,Histogram,RSI,20MA,20STD,Upper Band,Lower Band
2024-04-18 00:00:00-04:00,84.94208621726145,86.16168663370678,82.37492908333081,84.64318084716797,447260000,0.0,0.0,,,,84.64318084716797,84.64318084716797,0.0,0.0,0.0,,,,,
2024-04-19 00:00:00-04:00,83.12269469975273,84.29630512599306,75.58117346384236,76.17497253417969,875198000,0.0,0.0,-0.10004596032701685,,,83.34037956824669,84.01590615731699,-0.6755265890703015,-0.1351053178140603,-0.5404212712562412,,,,,
2024-04-22 00:00:00-04:00,78.07834524781059,80.04670035538005,76.3749101252901,79.49188232421875,596341000,0.0,0.0,0.04354330142424101,,,82.74830306916547,83.68079328079119,-0.9324902116257192,-0.2945822965763921,-0.6379079150493271,,,,,
2024-04-23 00:00:00-04:00,80.74247130165297,82.74181446817349,80.23763989778655,82.39592742919922,438559000,0.0,0.0,0.03653259955697008,,,82.69409143224759,83.58561803252512,-0.8915266002775297,-0.41397115731661965,-0.47755544296091007,,,,,
2024-04-24 00:00:00-04:00,83.92242471814481,84.0543851474842,79.15699208262093,79.65083312988281,512208000,0.0,0.0,-0.03331589782365396,,,82.2258978472684,83.29415248418124,-1.0682546369128403,-0.5448278532358638,-0.5234267836769765,,,,,
2024-04-25 00:00:00-04:00,78.84209462361733,83.29563335625151,78.19730980842563,82.60486602783203,424641000,0.0,0.0,0.037087281850928244,,,82.28420064427819,83.24309422815537,-0.9588935838771846,-0.627640999364128,-0.3312525845130566,,,,,
2024-04-26 00:00:00-04:00,83.79046380504667,88.30198162324554,83.35960564687717,87.7061767578125,551011000,0.0,0.0,0.0617555717390994,,,83.11835081559116,83.5736929340559,-0.45534211846474193,-0.5931812231842508,0.1378391047195089,,,,,
2024-04-29 00:00:00-04:00,87.56622296271497,87.96308807915567,85.23798574736955,87.7281723022461,388971000,0.0,0.0,0.0002507867204648573,,,83.82755412123038,83.88143214651443,-0.05387802528404961,-0.4853205836042106,0.431442558320161,,,,,
2024-04-30 00:00:00-04:00,87.21134125053536,88.78982495986544,86.27165520822136,86.37361907958984,363709000,0.0,0.0,-0.015440344727455035,,,84.21925642251645,84.0660385860015,0.1532178365149548,-0.35761289958037756,0.5108307360953324,,,,,
2024-05-01 00:00:00-04:00,85.04905184528752,85.9717451202874,81.22830132116862,83.01371765136719,559863000,0.0,0.0,-0.038899625418342576,,,84.03378891926272,83.9880888871397,0.04570003212302254,-0.27695031323969754,0.3226503453627201,,,,,
2024-05-02 00:00:00-04:00,84.42125626969049,86.20867093085921,83.17266601309362,85.78881072998047,377898000,0.0,0.0,0.03342933140601945,,,84.30379227475775,84.12147569031309,0.18231658444466348,-0.18509693370282534,0.3674135181474888,,,,,
2024-05-03 00:00:00-04:00,87.76016278941914,89.25166943381491,87.01140828668458,88.75983428955078,398341000,0.0,0.0,0.03463183058827557,,,84.98933720011053,84.46505780877514,0.5242793913353836,-0.04322166869518356,0.5675010600305671,,,,,
2024-05-06 00:00:00-04:00,89.36062948973989,92.18970149787158,89.02574047227303,92.10972595214844,376203000,0.0,0.0,0.037741076123122275,,,86.08478162350097,85.03132952309909,1.0534521004018842,0.17611308512423002,0.8773390152776541,,,,,
2024-05-07 00:00:00-04:00,91.06806618454974,91.75084041902228,88.98175395384375,90.52424621582031,437342000,0.0,0.0,-0.017212945972196136,,,86.76777617616548,85.43821224107843,1.3295639350870516,0.4068032551167944,0.9227606799702572,57.18824140923449,,,,
2024-05-08 00:00:00-04:00,89.45360566200054,91.16404211729393,89.39062281924463,90.3823013305664,325721000,0.0,0.0,-0.0015680316731441213,,,87.32385696915024,85.80444106252199,1.5194159066282538,0.6293257854190863,0.8900901212091674,56.99049036528253,,,,
2024-05-09 00:00:00-04:00,90.4992620554592,91.04208295679378,88.20202038816478,88.71784973144531,378013000,0.0,0.0,-0.01841568066554855,,,87.53831739411872,86.02024911207187,1.5180682820468547,0.80707428474464,0.7109939973022147,68.31305406339894,,,,
2024-05-10 00:00:00-04:00,90.2753342742342,91.3709748992257,89.19768547851668,89.84847259521484,335325000,0.0,0.0,0.012744029157514492,,,87.89372588659505,86.30382122193431,1.589904664660736,0.9636403607278593,0.6262643039328767,66.15216933458191,,,,
2024-05-13 00:00:00-04:00,90.44827727503778,90.96811074029578,88.49991996993283,90.36930847167969,289680000,0.0,0.0,0.005796825048004051,,,88.27458474583884,86.60496842561916,1.6696163202196743,1.1048355526262224,0.564780767593452,63.433951466466894,,,,
2024-05-14 00:00:00-04:00,89.56956971282393,91.62089767401247,88.90478722070216,91.32599639892578,296507000,0.0,0.0,0.010586425230263874,,,88.7440326924676,86.95467420141965,1.789358491047949,1.2417401403105677,0.5476183507373813,70.93236612022008,,,,
2024-05-15 00:00:00-04:00,92.44161932872312,94.83083350687552,91.5689050462718,94.59890747070312,417735000,0.0,0.0,0.035837671646973046,,,89.64478265834998,87.52091370284806,2.1238689555019192,1.418165903348838,0.7057030521530812,71.2609771580984,86.61044006347656,4.819463944596006,96.24936795266856,76.97151217428456
2024-05-16 00:00:00-04:00,94.87882442022669,95.78752238437566,94.07208269713682,94.3280029296875,323952000,0.0,0.0,-0.002863717438803648,,,90.3652780847096,88.0251425344658,2.340135550243801,1.6025598327278308,0.7375757175159701,64.16354817169052,87.09468116760254,5.090332945284987,97.27534705817251,76.91401527703258
2024-05-17 00:00:00-04:00,94.33800216120143,94.70887485375151,91.77584059273352,92.44861602783203,359691000,0.0,0.0,-0.019923955172213015,,,90.68579161442075,88.3528072376781,2.332984376742644,1.7486447415307935,0.5843396352118504,59.35345570427795,87.90836334228516,4.521884263771994,96.95213186982915,78.86459481474117
2024-05-20 00:00:00-04:00,93.71920279909754,95.16872341830162,93.40930707577944,94.74886322021484,318764000,0.0,0.0,0.024881358869561776,,,91.31087955377369,88.82658916231046,2.484290391463233,1.8957738715172816,0.5885165199459514,65.99587804804126,88.67121238708496,4.309217911417037,97.28964820991904,80.05277656425089
2024-05-21 00:00:00-04:00,93.56825212335475,95.36866300361463,93.14939104451075,95.35466766357422,328946000,0.0,0.0,0.006393791152421224,,,91.93300080143531,89.31015053277444,2.6228502686608692,2.0411891509459994,0.5816611177148698,76.34108791723811,89.31914939880372,4.290201485027646,97.899552368859,80.73874642874843
2024-05-22 00:00:00-04:00,95.42765114316352,95.98846392246197,93.21837781672151,94.91881561279297,548648000,0.0,0.0,-0.004570851762799921,,,92.39235692625957,89.7256072053684,2.6667497208911612,2.166301264935032,0.5004484559561293,71.64940172733819,90.08254852294922,3.8108923159931978,97.70433315493563,82.46076389096282
2024-05-23 00:00:00-04:00,101.99448585081109,106.2850758370863,101.48664948420172,103.76490783691406,835065000,0.0,0.0,0.09319640333700963,,,94.14198014328333,90.76555540029771,3.37642474298562,2.4083259605451497,0.9680987824404701,77.82725171746259,91.14055061340332,4.50052018670811,100.14159098681954,82.1395102399871
2024-05-24 00:00:00-04:00,104.41468788795488,106.44002335978084,102.96616635990915,106.43402862548828,429494000,0.0,0.0,0.025722769327461315,,,96.03306452516102,91.92618304660813,4.106881478552893,2.7480370641466982,1.3588444144061946,77.25288471838815,92.0769432067871,5.569644613134081,103.21623243305527,80.93765398051895
2024-05-28 00:00:00-04:00,110.2077900069521,114.90124747385036,109.84690852832622,113.86358642578125,652728000,0.0,0.0,0.06980434637530752,,,98.77622174064106,93.55117588950985,5.225045851131213,3.2434388215436014,1.9816070295876118,86.32647700619293,93.38371391296387,7.294521744060226,107.97275740108432,78.79467042484342
2024-05-29 00:00:00-04:00,113.01286640628571,115.45405793078952,110.86457027293942,114.78727722167969,557442000,0.0,0.0,0.008112258052757948,,,101.23946104541623,95.12422043263354,6.115240612782699,3.8177991797914212,2.297441432991278,87.08267902474266,94.80439682006836,8.521166204789575,111.84672922964751,77.76206441048922
2024-05-30 00:00:00-04:00,114.612337538274,115.78095222554882,109.62697631949285,110.46369934082031,487350000,0.0,0.0,-0.03766600258763508,,,102.65857462932455,96.26047812953625,6.398096499788295,4.333858643790796,2.064237855997499,80.57172901917662,96.17689590454101,8.730206972113756,113.63730984876852,78.7164819603135
2024-05-31 00:00:00-04:00,112.48303762096089,112.67997913664935,106.90487625910878,109.59699249267578,613263000,0.0,0.0,-0.007846078425007508,,,103.72602353137859,97.2483680823614,6.477655449017192,4.762618004836075,1.7150374441811165,77.97131718846377,97.36730499267578,8.861385672329583,115.09007633733495,79.64453364801662
2024-06-03 00:00:00-04:00,113.58368201334555,114.96222686767578,111.96620962094242,114.96222686767578,438392000,0.0,0.0,0.04895421172582415,,,105.45467019850123,98.56050577016246,6.894164428338769,5.188927289536615,1.705237138802154,80.62952264990392,98.67742462158203,9.439902485231396,117.55722959204482,79.79761965111925
2024-06-04 00:00:00-04:00,115.67800167050594,116.561706418007,114.00754518844305,116.39875793457031,403324000,0.0,0.0,0.01249567885065428,,,107.13837600405031,99.88185778234082,7.256518221709499,5.602445475971192,1.6540727457383069,80.85831401678271,99.89187622070312,10.090476371124646,120.07282896295241,79.71092347845384
2024-06-05 00:00:00-04:00,118.33210934086958,122.4087647447128,117.42940615929226,122.39977264404297,528402000,0.0,0.0,0.0515556593210893,,,109.4862831794338,101.54985147580024,7.936431703633559,6.069242721503666,1.8671889821298935,82.0628358251243,101.48565254211425,11.00857800647885,123.50280855507195,79.46849652915655
2024-06-06 00:00:00-04:00,124.00724541916884,125.54574130546908,118.28113030159747,120.958251953125,664696000,0.0,0.0,-0.011777151703623923,,,111.25120145230937,102.98751077041689,8.263690681892484,6.50813231358143,1.7555583683110543,79.90527243983527,103.01445007324219,11.497689210951368,126.00982849514492,80.01907165133946
2024-06-07 00:00:00-04:00,119.7306529022316,121.65202623467715,117.98323363858707,120.8482894897461,412386000,0.0,0.0,-0.000909094349524131,,,112.72767653499194,104.31053141629313,8.417145118698812,6.889934874604907,1.5272102440939053,83.21217522143223,104.62097206115723,11.638807760628398,127.89858758241402,81.34335653990044
2024-06-10 00:00:00-04:00,120.33046067723372,123.05955958930451,116.9715638416941,121.74999237060547,314162700,0.0,10.0,0.0074614451281569405,,,114.11572512508633,105.60234333883479,8.513381786251543,7.2146242569342345,1.2987575293173084,82.6444629825656,106.21604804992675,11.693602217901375,129.6032524857295,82.828843614124
2024-06-11 00:00:00-04:00,121.73999195116299,122.83972700807324,118.7107397776175,120.88021087646484,222551200,0.01,0.0,-0.007143996292771959,,,115.15641524068302,106.73403723051109,8.422378010171926,7.456175007581773,0.9662030025901522,80.66474167510195,107.74159317016601,11.506151859455956,130.75389688907794,84.7292894512541
2024-06-12 00:00:00-04:00,123.02967165119686,126.84872997628844,122.53979453852547,125.16914367675781,299595000,0.0,0.0,0.035480851408144165,,,116.69683500007913,108.09960067097381,8.59723432910532,7.684386871886483,0.9128474572188363,83.26154435696367,109.43375053405762,11.453381137336407,132.34051280873044,86.52698825938481
2024-06-13 00:00:00-04:00,129.3581169536998,129.76801958856166,127.12867070986337,129.57806396484375,260704500,0.0,0.0,0.03522369937651515,,,118.67856253311984,109.69059795200121,8.987964581118632,7.945102413732913,1.042862167385719,81.45164708822051,111.18270835876464,11.736050118951047,134.65480859666673,87.71060812086255
2024-06-14 00:00:00-04:00,129.92799370452428,132.80727390157034,128.28839829543193,131.84751892089844,309320400,0.0,0.0,0.017514190956506415,,,120.70455582354732,111.33185135710471,9.372704466442613,8.230622824274853,1.14208164216776,81.26922176459954,113.05868415832519,11.897656053882525,136.85399626609023,89.26337205056015
2024-06-17 00:00:00-04:00,132.9572533982128,133.69706139159663,129.54808953427707,130.94773864746094,288504400,0.0,0.0,-0.00682440049537314,,,122.28043010414942,112.78488004527925,9.495550058870165,8.483608271193916,1.0119417876762498,75.04507378231443,114.98364028930663,11.495226496706078,137.9740932827188,91.99318729589447
2024-06-18 00:00:00-04:00,131.10769173939232,136.29641557179684,130.6578056523983,135.54660034179688,294335100,0.0,0.0,0.03511982522063284,,,124.3213793714798,114.47093340057685,9.850445970902939,8.756975811135721,1.093470159767218,77.47251704306808,117.02352714538574,11.334230332500411,139.69198781038656,94.35506648038492
2024-06-20 00:00:00-04:00,139.76557010788932,140.72532511567726,129.48810330722768,130.74778747558594,517768400,0.0,0.0,-0.035403417379042734,,,125.31005754134227,115.67662629502198,9.6334312463203,8.932266898172637,0.7011643481476622,76.51014567898773,118.79318313598633,10.505670076177955,139.80452328834224,97.78184298363041
2024-06-21 00:00:00-04:00,127.08867825178737,130.5978154647857,124.26937345205326,126.53881072998047,655484700,0.0,0.0,-0.03219157147413598,,,125.49909649344046,116.48123254946334,9.017863943977119,8.949386307333533,0.06847763664358553,70.36301326650684,120.3741828918457,8.994241107427698,138.36266510670112,102.38570067699031
2024-06-24 00:00:00-04:00,123.20963548646723,124.42933613805307,118.01091965046173,118.08090209960938,476060900,0.0,0.0,-0.0668404308652728,,,124.35783581746645,116.5997265902149,7.758109227251552,8.711130891317138,-0.9530216640655862,53.489062872627706,121.08998260498046,8.131080148442411,137.35214290186528,104.82782230809565
2024-06-25 00:00:00-04:00,121.1701275508724,126.46882443182822,119.29059361747449,126.05892181396484,425787500,0.0,0.0,0.06756401393025824,,,124.61954135538927,117.30040771790009,7.3191336374891875,8.432731440551548,-1.1135978030623601,59.427557708914435,122.0712272644043,7.422623211322913,136.91647368705011,107.22598084175847
2024-06-26 00:00:00-04:00,126.09892059020918,128.08842814640124,122.56979155312732,126.36885833740234,362975900,0.0,0.0,0.0024586639245962605,,,124.88866704492975,117.97214480082619,6.916522244103561,8.12948960126195,-1.212967357158389,54.35755548839774,122.69649085998535,7.2187495083899025,137.13398987676516,108.25899184320554
2024-06-27 00:00:00-04:00,124.06941564080125,126.37885155800387,122.88970613137967,123.95944213867188,252571700,0.0,0.0,-0.01906653451198692,,,124.74570936704391,118.41564830733327,6.330061059710644,7.7696038929516895,-1.4395428332410454,53.22635994107824,123.15509910583496,6.97714124810992,137.1093816020548,109.20081660961512
2024-06-28 00:00:00-04:00,124.54930428199576,127.67853027804634,122.71975337861936,123.50955963134766,315516700,0.0,0.0,-0.0036292717969877986,104.58938217163086,,124.55553248462911,118.79297507207508,5.762557412554031,7.368194596872158,-1.6056371843181267,52.840179430150016,123.80739212036133,6.305694129570073,136.41878037950147,111.19600386122119
2024-07-01 00:00:00-04:00,123.4395813225982,124.80923890749885,118.8007251119183,124.26937866210938,284885500,0.0,0.0,0.006151904622035964,105.38190612792968,,124.51150881962607,119.19863459726281,5.312874222363263,6.957130521970379,-1.6442562996071164,52.696924639715576,124.541011428833,5.345868147945646,135.2327477247243,113.84927513294171
2024-07-02 00:00:00-04:00,121.10014907077634,123.37959365292392,121.00017523772506,122.6397705078125,218374000,0.0,0.0,-0.013113513335636817,106.31120208740235,,124.22354907934707,119.45353355359983,4.77001552574724,6.519707522725752,-1.7496919969785116,51.85340375060534,124.92488861083984,4.876917643901542,134.67872389864291,115.17105332303676
2024-07-03 00:00:00-04:00,121.63003350315482,128.24839782714844,121.33010435521813,128.24839782714844,215749000,0.0,0.0,0.045732532734792164,107.28633239746094,,124.84275657900882,120.1050049812701,4.737751597738722,6.163316337728347,-1.4255647399896247,53.15574790796942,125.51737060546876,4.49111578754416,134.49960218055708,116.53513903038044
2024-07-05 00:00:00-04:00,127.34860945857926,128.81825608276083,125.64903140778242,125.79899597167969,214176700,0.0,0.0,-0.019098888539489045,108.15439376831054,,124.98987033172742,120.52678209167081,4.4630882400566065,5.823270718193999,-1.3601824781373928,45.96499196957399,125.68733177185058,4.430839644568328,134.54901106098723,116.82565248271392
2024-07-08 00:00:00-04:00,127.4585719244731,130.73776982046533,127.0086858992603,128.16839599609375,237677300,0.0,0.0,0.018834808705050943,109.12474502563477,,125.47887428009147,121.09282756607251,4.38604671401896,5.535825917358991,-1.1497792033400316,46.08007210527838,126.04783897399902,4.3176908671345995,134.6832207082682,117.41245723972982
2024-07-09 00:00:00-04:00,130.3178959397844,133.78704236722226,128.61830251041144,131.34764099121094,285366600,0.0,0.0,0.024805217935426782,110.09960052490234,,126.38176146641754,121.85244337534203,4.52931809107551,5.334524352102296,-0.805206261026786,50.4063394410352,126.57280654907227,4.29042631634357,135.1536591817594,117.99195391638513
2024-07-10 00:00:00-04:00,133.99698191654937,135.0667256558596,132.38737791270125,134.87677001953125,248978600,0.0,0.0,0.026868613716149348,111.04301239013672,,127.68868585920427,122.81720831194865,4.871477547255623,5.241914991132961,-0.37043744387733835,49.304262985992075,127.22914543151856,4.512136031042314,136.2534174936032,118.20487336943393
2024-07-11 00:00:00-04:00,135.71655549549055,136.1164508461357,127.0187019512054,127.36861419677734,374782700,0.0,0.0,-0.05566678251315382,111.83582122802734,,127.63944406498474,123.15434948860262,4.485094576382124,5.090550908182794,-0.6054563318006698,46.677150779924105,127.55356559753417,4.257708627392951,136.06898285232006,119.03814834274827
2024-07-12 00:00:00-04:00,128.2284060345482,131.88750829381019,127.1886688828338,129.2081756591797,252680500,0.0,0.0,0.014442816026563055,112.69251235961914,,127.88078738716858,123.60278105679352,4.278006330375064,4.928041992621249,-0.6500356622461849,52.75316514962017,127.75551719665528,4.234384003866562,136.2242852043884,119.28674918892216
2024-07-15 00:00:00-04:00,130.52782847793975,131.35762580228223,127.14866403247436,128.40835571289062,208326200,0.0,0.0,-0.006190165151768734,113.60040512084962,,127.96195174497197,123.95874954983775,4.003202195134222,4.743074033123843,-0.7398718379896216,62.64998517857296,127.69703178405761,4.215923826387478,136.12887943683256,119.26518413128267
2024-07-16 00:00:00-04:00,128.40835436238444,129.00819736720675,124.54930487008038,126.32886505126953,214769500,0.0,0.0,-0.01619435627904653,114.41120620727538,,127.71070763824852,124.13431366105492,3.5763939771936037,4.509738021937795,-0.9333440447441914,50.38650013217602,127.42109909057618,4.1092246688147585,135.6395484282057,119.20264975294666
2024-07-17 00:00:00-04:00,121.32010271185337,121.8199795319496,116.69124610366761,117.96092987060547,390086200,0.0,0.0,-0.06623929675350126,114.99522811889648,,126.2107418278419,123.67702597287348,2.5337158549684204,4.114533588543921,-1.5808177335755005,40.21867402467565,126.77175865173339,4.527422731434496,135.8266041146024,117.7169131888644
2024-07-18 00:00:00-04:00,121.81997263511246,122.36984015709355,116.53127526261207,121.0601577758789,320979500,0.0,0.0,0.02627334244205315,115.57423675537109,,125.41834428138606,123.48318388420722,1.9351603971788336,3.6786589502709037,-1.7434985530920701,46.68040922998492,126.0474365234375,4.196397340587393,134.44023120461227,117.6546418422627
2024-07-19 00:00:00-04:00,120.32034955926778,121.57004161457283,117.34108797082892,117.90094757080078,217223800,0.0,0.0,-0.026096200955948112,116.1217707824707,,124.26182171052677,123.06968489802897,1.1921368124978073,3.1813545227162847,-1.9892177102184774,43.95345241111115,125.40509452819825,4.416507196790842,134.23810892177994,116.57208013461657
2024-07-22 00:00:00-04:00,120.3203432330864,124.03942781453529,119.8304661088677,123.50955963134766,258068900,0.0,0.0,0.04757054269796135,116.78431594848632,,124.14608908296076,123.10226821160813,1.0438208713526222,2.7538477924435525,-1.7100269210909302,49.258386463525625,125.25363197326661,4.427510305345474,134.10865258395756,116.39861136257566
2024-07-23 00:00:00-04:00,122.74974719191928,124.65928025097237,122.06991443104106,122.5597915649414,173911000,0.0,0.0,-0.00768983444877569,117.46115478515625,,123.90204331095778,123.06208475629948,0.8399585546582955,2.3710699448865014,-1.5311113902282059,49.92088747305246,125.4775764465332,4.150204829046677,133.77798610462656,117.17716678843985
2024-07-24 00:00:00-04:00,119.1406333610656,119.92043994002134,113.41204956795865,114.22184753417969,327776900,0.0,0.0,-0.06803164336603529,117.94862228393555,,122.41278242222269,122.4072523694758,0.005530052746891556,1.8979619664585794,-1.8924319137116878,36.836180441092864,124.88572273254394,4.848263155500576,134.5822490435451,115.18919642154279
2024-07-25 00:00:00-04:00,113.01214947730902,116.60126129148769,106.27381225253961,112.25233459472656,460067000,0.0,0.0,-0.017242874125843244,118.38628280639648,,120.8496366026079,121.6550362380129,-0.8053996354049957,1.3572896460858643,-2.1626892814908603,37.17099625589397,124.17989654541016,5.591565308401074,135.36302716221232,112.99676592860801
2024-07-26 00:00:00-04:00,116.16136853298354,116.17136057676942,111.55250401293692,113.03213500976562,293399100,0.0,0.0,0.006946852534109205,118.82040557861328,,119.64694404986294,121.01630281369829,-1.3693587638353506,0.8119599641016214,-2.181318727936972,35.220634882323196,123.63353118896484,6.12286540428085,135.87926199752653,111.38780038040314
2024-07-29 00:00:00-04:00,113.66198865142056,116.25134680115113,111.27257816967544,111.5625,248152100,0.0,0.0,-0.013001922060825066,119.15967742919922,,118.4031834268071,120.31602112379471,-1.9128376969876086,0.2670004318837754,-2.179838128871384,30.01412194255782,123.03617820739746,6.691935239509379,136.4200486864162,109.6523077283787
2024-07-30 00:00:00-04:00,111.49251876218644,111.96240417731258,102.51473565355279,103.7044448852539,486833300,0.0,0.0,-0.07043634836747203,119.34720626831054,,116.14183903579892,119.08553399501392,-2.9436949592149944,-0.3751386463359786,-2.5685563128790156,21.043823563887912,122.00793151855468,7.953507179261144,137.91494587707697,106.1009171600324
2024-07-31 00:00:00-04:00,112.87217777091092,118.31083191790377,110.85267132044424,116.99115753173828,473174200,0.0,0.0,0.1281209562539556,119.83805709838867,,116.2725034197896,118.93039499773424,-2.657891577944639,-0.8316892326577108,-1.8262023452869283,41.29485199775132,121.72550086975097,8.029815203547702,137.78513127684639,105.66587046265556
2024-08-01 00:00:00-04:00,117.50104810323892,120.13040514788088,106.78368749587625,109.18309783935547,523462300,0.0,0.0,-0.06674059695720658,120.12674179077149,,115.18182563818435,118.20837298600247,-3.0265473478181235,-1.2706608556897934,-1.7558864921283301,34.73088127860204,120.77223587036133,8.340358813871047,137.45295349810343,104.09151824261923
2024-08-02 00:00:00-04:00,103.73443129488524,108.69320802636011,101.3450209019017,107.24356079101562,482027500,0.0,0.0,-0.01776407783550482,120.36451965332031,,113.96055412323531,117.39616467526271,-3.4356105520273985,-1.7036507949573145,-1.731959757070084,34.13754741389563,119.84446411132812,8.772599810556446,137.38966373244102,102.29926449021522
2024-08-05 00:00:00-04:00,92.0373150047539,103.38452459369911,90.66765743904186,100.42524719238281,552842400,0.0,0.0,-0.06357783673296324,120.4746482849121,,111.87819921079647,116.13905967653086,-4.260860465734396,-2.215092729112731,-2.045767736621665,31.873495192249692,118.45730667114258,9.546412028480749,137.55013072810408,99.36448261418107
2024-08-06 00:00:00-04:00,103.8144091952266,107.68345833707174,100.52522659409519,104.22431182861328,409012100,0.0,0.0,0.03782977630070117,120.4838363647461,,110.70067807507598,115.2564857618703,-4.55580768679431,-2.683235720649047,-1.8725719661452631,39.73092943767604,117.1011402130127,9.545402155223929,136.19194452346056,98.01033590256483
2024-08-07 00:00:00-04:00,107.78343659639361,108.77319818362058,98.6656883565928,98.88563537597656,411440400,0.0,0.0,-0.05122294749631595,120.33286849975586,,108.88297919829147,114.04383017773002,-5.16085097943855,-3.178758772406948,-1.9820922070316018,33.9600756152514,115.30158348083496,9.409521651797549,134.12062678443007,96.48254017723987
2024-08-08 00:00:00-04:00,101.97486813365401,105.47400576569116,97.49596860854,104.94413757324219,391910000,0.0,0.0,0.06126776830861602,120.15447952270507,,108.2770035636685,113.36977887369387,-5.092775310025374,-3.561562079930633,-1.5312132300947408,41.00498798052096,114.1803596496582,9.230280415522913,132.64092048070404,95.71979881861238
2024-08-09 00:00:00-04:00,105.6139698534446,106.57373239559361,103.40451530940655,104.72418975830078,290844200,0.0,0.0,-0.002095856138585206,119.9532177734375,,107.73041682438117,112.72936486514624,-4.998948040765072,-3.8490392720975213,-1.1499087686675504,35.903966090322754,112.95616035461425,8.743039550808385,130.44223945623102,95.47008125299749
2024-08-12 00:00:00-04:00,106.29380933051287,111.04263923804827,106.23382655143305,108.9931411743164,325559900,0.0,0.0,0.040763756930162875,119.92380661010742,,107.92468210898659,112.4526075547144,-4.527925445727817,-3.984816506823581,-0.5431089389042363,40.30298482621905,111.98539962768555,7.981761192695317,127.94892201307619,96.02187724229492
2024-08-13 00:00:00-04:00,112.41229629244809,116.20136332032301,111.55250759337807,116.11138153076172,312646700,0.0,0.0,0.06530906697202954,120.05409439086914,,109.18417432772122,112.72362784923642,-3.539453521515199,-3.8957439097619044,0.35629038824670545,51.374546244061335,111.47452545166016,7.314479514668123,126.1034844809964,96.84556642232391
2024-08-14 00:00:00-04:00,118.5007970340635,118.57077948335262,114.04189674110647,118.05091094970703,339246400,0.0,0.0,0.016704042216838744,120.11586807250977,,110.54828765418058,113.11824141223424,-2.569953758053657,-3.6305858794202552,1.0606321213665981,54.22002982106804,111.47902450561523,7.318705666206038,126.1164358380273,96.84161317320316
2024-08-15 00:00:00-04:00,118.73074633761901,123.2096384456698,117.44106320591041,122.8297348022461,318086700,0.0,0.0,0.04048104173101197,120.24448760986328,,112.43774106157528,113.83761129297586,-1.399870231400584,-3.1844427498163212,1.7845725184157373,56.73818681373458,111.5675033569336,7.450148494795068,126.46780034652373,96.66720636734347
2024-08-16 00:00:00-04:00,121.90995234205361,124.9691958147952,121.15013749579563,124.54930114746094,302589900,0.0,0.0,0.013999593404506738,120.28747817993164,,114.30105799786539,114.6310698007155,-0.3300118028501089,-2.613556560423079,2.28354475757297,58.90092430821206,111.8999210357666,7.883340419735936,127.66660187523847,96.13324019629472
2024-08-19 00:00:00-04:00,124.2493798220781,129.9679718017578,123.38959109072681,129.9679718017578,318333600,0.0,0.0,0.043506230901138476,120.46767257690429,,116.71135242923346,115.76713661560751,0.9442158136259451,-1.9020020856132742,2.8462178992392193,68.62328743927193,112.22284164428712,8.492657085511516,129.20815581531014,95.23752747326408
2024-08-20 00:00:00-04:00,128.36835370467122,129.84799998824454,125.85897770804885,127.21864318847656,300087400,0.0,0.0,-0.02115389334131368,120.5950796508789,,118.32785869988625,116.61539636174597,1.7124623381402841,-1.1791092008625625,2.8915715390028467,58.52642725145213,112.45578422546387,8.847585303756714,130.1509548329773,94.76061361795044
2024-08-21 00:00:00-04:00,127.2886435744744,129.31815003716036,126.62881008429083,128.46835327148438,257883600,0.0,0.0,0.009823325038582187,120.72944686889649,,119.88793478782442,117.49339316987474,2.3945416179496846,-0.46437903710011313,2.858920655049798,68.05165497742969,113.1681095123291,9.54339338852528,132.25489628937964,94.08132273527853
2024-08-22 00:00:00-04:00,129.98796994394152,130.717785815134,123.06966909662319,123.70951080322266,376189100,0.0,0.0,-0.03704291638427981,120.78603286743164,,120.47586955942415,117.95384632790051,2.5220232315236473,0.13290141662463895,2.389121814899008,64.64000004341347,113.7409683227539,9.825235883433638,133.39144008962117,94.09049655588663
2024-08-23 00:00:00-04:00,125.82898983127045,129.56807382051312,125.18914813175064,129.33811950683594,323230300,0.0,0.0,0.045498593172568436,120.8694123840332,,121.83929262825674,118.79712582263646,3.0421668056202833,0.7147544944237678,2.3274123111965155,76.26224350489602,114.55626754760742,10.421749441507565,135.39976643062255,93.71276866459229
2024-08-26 00:00:00-04:00,129.53808260280766,131.22765338990934,124.33935925298674,126.42884063720703,331964700,0.0,0.0,-0.02249359184068811,120.80642791748046,,122.54537693732603,119.36243803112316,3.182938906202864,1.208391376779587,1.9745475294232768,70.50026879205863,115.29958457946778,10.722797431668672,136.74517944280512,93.85398971613043
2024-08-27 00:00:00-04:00,125.01920259136338,129.1681743229575,123.84948497148315,128.26840209960938,303134600,0.0,0.0,0.01455017267524461,120.73484558105469,,123.42584234690808,120.02213907323325,3.403703273674836,1.6474537561586369,1.756249517516199,79.00136269411011,116.52778244018555,10.731564054577182,137.9909105493399,95.06465433103118
2024-08-28 00:00:00-04:00,128.0884319398247,128.29838691719942,122.60978624415954,125.57905578613281,448101100,0.0,0.0,-0.020966553488271367,120.62747192382812,,123.75710595294265,120.43376253344803,3.32334341949462,1.9826316888258335,1.3407117306687864,71.81815776422329,116.95717735290528,10.921215728977776,138.79960881086083,95.11474589494972
2024-08-29 00:00:00-04:00,121.33010304223866,124.3993464291812,116.6812470646182,117.56102752685547,453023300,0.0,0.0,-0.06384845155176544,120.2677604675293,,122.80386311816001,120.2209673477745,2.5828957703855053,2.102684505137768,0.4802112652477373,61.6515306297692,117.37607383728027,10.766920452150286,138.90991474158085,95.8422329329797
2024-08-30 00:00:00-04:00,119.50054804230363,121.72000228172388,117.19111963899515,119.34059143066406,333751600,0.0,0.0,0.015137362621316708,120.03961654663085,,122.27105208931448,120.15575431687743,2.115297772437046,2.1052071585976235,0.010090613839422335,59.836521778988626,117.98092536926269,10.504333806534259,138.9895929823312,96.97225775619418
2024-09-03 00:00:00-04:00,115.9814171340765,116.18136480283337,107.26356453201906,107.973388671875,477155100,0.0,0.0,-0.09525009573455412,119.66830810546875,,120.07141156355456,119.25335686169207,0.8180547018624935,1.8477766672505975,-1.029721965388104,42.84207857626306,118.3583324432373,9.96197977093154,138.2822919851004,98.43437290137422
2024-09-04 00:00:00-04:00,105.38403194779274,113.24208832420429,104.09434887245212,106.18383026123047,372470300,0.0,0.0,-0.016574069154047688,119.43036666870117,,117.93486059396623,118.2852437801764,-0.3503831862101663,1.4081446965584448,-1.758527882768611,39.5344806473187,118.45630836486816,9.824340763187221,138.1049898912426,98.80762683849372
2024-09-05 00:00:00-04:00,104.96413183407385,109.6229874268856,104.73419276980215,107.18358612060547,306850700,0.0,0.0,0.009415330534935817,119.05285995483399,,116.28081836729535,117.46289876835633,-1.182080401060972,0.8900996770345615,-2.0721800780955335,35.216336934863904,118.8712059020996,9.103082136875598,137.0773701758508,100.6650416283484
2024-09-06 00:00:00-04:00,108.01337995723738,108.12335346353827,100.92512296050285,102.8046646118164,413638100,0.0,0.0,-0.040854403806398154,118.58157608032226,,114.20756394337552,116.37710364564967,-2.1695397022741503,0.2781718011728192,-2.4477115034469694,30.43715930261307,118.76423225402831,9.286089293560066,137.33641084114845,100.19205366690818
2024-09-09 00:00:00-04:00,104.85415910703641,106.52375348417674,103.66445746112835,106.44377136230469,273912000,0.0,0.0,0.03539826489614373,118.23126266479493,,113.01313431551847,115.64130125429078,-2.62816693877231,-0.3030959468162066,-2.3250709919561032,28.136065404518007,118.85021133422852,9.15630570254143,137.16282273931137,100.53759992914566
2024-09-10 00:00:00-04:00,107.78343479415585,109.37304700834024,104.92413884500664,108.0733642578125,268283700,0.0,0.0,0.015309424634731617,117.92253875732422,,112.25316969125602,115.08071332862572,-2.8275436373697005,-0.8079854849269054,-2.0195581524427952,31.827694731978767,118.80422248840333,9.210569013629144,137.2253605156616,100.38308446114505
2024-09-11 00:00:00-04:00,109.3630438515934,117.16112485124165,107.39352807236727,116.88119506835938,441422400,0.0,0.0,0.08149862707646927,117.77477508544922,,112.96517359542577,115.21408234638376,-2.2489087509579946,-1.0961701381331233,-1.1527386128248713,40.38173825240516,118.8427131652832,9.200326255464036,137.24336567621128,100.44206065435513
2024-09-12 00:00:00-04:00,116.82120128077001,120.77057045474369,115.3614370539407,119.12083435058594,367100500,0.01,0.0,0.019161673363424114,117.70439636230469,,113.91219832698887,115.50347138373208,-1.591273056743205,-1.1951907218551396,-0.3960823348880653,46.02477927484263,118.89620933532714,9.198590351883649,137.29339003909445,100.49902863155984
2024-09-13 00:00:00-04:00,119.06084000976254,119.94069565795841,117.58107480834963,119.0808334350586,238358300,0.0,0.0,-0.00033580116984088804,117.52104507446289,,114.7073729589996,115.76846116531182,-1.0610882063122204,-1.1683702187465559,0.10728201243433544,40.16132740846208,118.70876426696778,9.152296160440399,137.01335658784856,100.40417194608698
2024-09-16 00:00:00-04:00,116.77120810734208,118.16098383065176,114.34159881620232,116.7612075805664,248772300,0.0,0.0,-0.0194794224022391,117.34028930664063,,115.02334751616372,115.84199793681216,-0.8186504206484386,-1.0984262591269325,0.27977583847849385,40.620820783656455,118.31935958862304,9.055891833450168,136.43114325552338,100.20757592172271
2024-09-17 00:00:00-04:00,118.15099033708098,118.7808938826076,114.81153124290536,115.57140350341797,231925900,0.0,0.0,-0.010190063136572669,117.08834945678711,,115.10766382189514,115.82195390470889,-0.7142900828137471,-1.0215990238642954,0.3073089410505483,37.52455963570554,117.59953117370605,8.644049971541497,134.88763111678904,100.31143123062306
2024-09-18 00:00:00-04:00,115.87135202544096,117.68105834506785,113.20178347448297,113.35176086425781,310318900,0.0,0.0,-0.019205811921238047,116.72843185424804,,114.83752490533556,115.63897664245326,-0.8014517371177021,-0.9775695665149767,0.1761178293972746,37.87414366874764,116.90618705749512,8.384114407864512,133.67441587322415,100.13795824176609
2024-09-19 00:00:00-04:00,117.3311230698782,119.64075670028409,117.23114068021938,117.85104370117188,293506400,0.0,0.0,0.03969310050950248,116.38791732788086,,115.30114318161807,115.8028334616176,-0.5016902799995222,-0.8823937092118859,0.38070342921236366,50.30918879525118,116.3753215789795,7.937740687011963,132.25080295300342,100.49984020495558
2024-09-20 00:00:00-04:00,117.041165532472,118.6009197546388,115.37143602446805,115.98133850097656,382462400,0.0,0.0,-0.015864986354607202,116.16017181396484,,115.40578861536554,115.81605605712566,-0.4102674417601264,-0.7879684557215341,0.37770101396140765,46.425541034870754,115.9889129638672,7.747751713961744,131.4844163917907,100.4934095359437
2024-09-23 00:00:00-04:00,116.5312567610485,116.97118080282907,114.84152614526418,116.24130249023438,206228500,0.0,0.0,0.002241429462858102,115.90083435058594,,115.5343292114992,115.84755579291149,-0.31322658141229454,-0.6930200808596862,0.3797934994473917,61.52083844512077,115.33407211303711,7.085238658650252,129.50454943033762,101.1635947957366
2024-09-24 00:00:00-04:00,116.5012492087513,121.78040609310197,115.36143323881014,120.85055541992188,354966800,0.0,0.0,0.03965245425630637,115.74967834472656,,116.35221016664114,116.21814835787522,0.1340618087659209,-0.5276037029345648,0.6616655117004857,68.9482166037654,115.05515785217285,6.7261992330171365,128.50755631820712,101.60275938613859
2024-09-25 00:00:00-04:00,122.00036937142775,124.91990547833531,121.5904392877682,123.4901351928711,284692900,0.0,0.0,0.021841685077717887,115.69290374755859,,117.45035247836883,116.7568140493564,0.6935384290124347,-0.2833752765451649,0.9769137055575996,70.21041284490421,114.81624450683594,6.303761591248276,127.4237676893325,102.2087213243394
2024-09-26 00:00:00-04:00,126.77960826024157,127.64946344549999,121.78041247124415,124.02005004882812,302582900,0.0,0.0,0.004291151314470554,115.81408615112305,,118.4610751815164,117.29483153079875,1.1662436507176608,0.006548508907400223,1.1596951418102606,79.06779202137145,114.7382942199707,6.171927953766668,127.08215012750404,102.39443831243736
2024-09-27 00:00:00-04:00,123.9500642912149,124.01005220096552,119.24082267160239,121.38047790527344,271009200,0.0,0.0,-0.021283430723624597,115.82049255371093,,118.91021406209441,117.59747200298206,1.3127420591123524,0.2677872189483907,1.0449548401639617,71.04152193202688,114.9292667388916,6.321153165077794,127.57157306904719,102.28696040873601
2024-09-30 00:00:00-04:00,118.29096227592748,121.48045146740193,118.13099198549791,121.42046356201172,226553700,0.0,0.0,0.0003294241168623202,115.89088287353516,,119.29640629285092,117.88065656291018,1.4157497299407424,0.4973797211468611,0.9183700087938813,69.68378017295406,115.03326034545898,6.413973752458039,127.86120785037507,102.2053128405429
2024-10-01 00:00:00-04:00,121.75040758040218,122.42030559533124,115.77137385100936,116.9811782836914,302094500,0.0,0.0,-0.03656126115885805,115.76031524658202,,118.94021736836484,117.8140285422273,1.1261888261375361,0.6231415421449962,0.50304728399254,50.16926079336235,115.4836498260498,6.204996752233211,127.89364333051623,103.07365632158337
2024-10-02 00:00:00-04:00,116.42127087200362,119.360792730428,115.12147695024304,118.83087921142578,221845900,0.0,0.0,0.015811953297723225,115.68573699951172,,118.92339611345113,117.88935081401979,1.034045299431341,0.7053222936022652,0.32872300582907577,49.50256993535569,116.11600227355957,5.841131908475336,127.79826609051024,104.4337384566089
2024-10-03 00:00:00-04:00,120.90054847309592,124.33999759824167,120.32063993396463,122.83023834228516,277118000,0.0,0.0,0.033655891106752156,115.85790481567383,,119.52444876404098,118.2553424827802,1.2691062812607896,0.8180790911339701,0.45102719012681947,55.662953758109985,116.89833488464356,5.62564447228131,128.14962382920618,105.64704594008094
2024-10-04 00:00:00-04:00,124.91990339813242,125.01988578554294,121.810403092212,124.89990234375,243678100,0.0,0.0,0.016849792277512377,116.1108561706543,,120.35144162245776,118.7475321021113,1.6039095203464626,0.9752451769764687,0.6286643433699939,62.38588608916218,118.00309677124024,4.8247890729113045,127.65267491706285,108.35351862541762
2024-10-07 00:00:00-04:00,124.96989107230341,130.61898369823507,124.92989659161151,127.69945526123047,346250200,0.0,0.0,0.022414372348951384,116.4042025756836,,121.48190525919202,119.4106375213053,2.071267737886714,1.194449689158518,0.8768180487281962,67.59501085376614,119.06588096618653,4.472750016664022,128.01138099951456,110.12038093285848
2024-10-08 00:00:00-04:00,130.23904002332463,133.45852325335272,129.39917881279587,132.86862182617188,285722500,0.0,0.0,0.040479159087773775,116.83032501220703,,123.23370780795815,120.40752524759172,2.8261825603664334,1.520796263400101,1.3053862969663323,76.08230629907547,120.30564384460449,4.6962714958378085,129.69818683628012,110.91310085292888
2024-10-09 00:00:00-04:00,134.08841860906853,134.49835629027027,131.35886221320516,132.62864685058594,246191600,0.0,0.0,-0.0018061072079146312,117.40880905151367,,124.67908304528551,121.31279351448018,3.366289530805332,1.8898949168811474,1.4763946139241848,72.28584906745826,121.09301643371582,5.364477681310929,131.82197179633766,110.36406107109396
2024-10-10 00:00:00-04:00,131.8887724251562,134.97827142059657,130.97891523035668,134.78829956054688,242311300,0.0,0.0,0.016283455808713043,117.76475189208985,,126.23434712455649,122.31097914752216,3.9233679770343315,2.296589528911784,1.6267784481225473,78.11656668158572,121.87638969421387,6.148053177192533,134.17249604859893,109.58028333982881
2024-10-11 00:00:00-04:00,133.98843884138304,135.75815840657205,133.63850429309608,134.7783203125,170209500,0.0,0.0,-7.403645627557243e-05,118.27665634155274,,127.54880453808626,123.23448590048348,4.314318637602781,2.7001353506499837,1.6141832869527977,77.92170242028755,122.66126403808593,6.745355999694788,136.15197603747552,109.17055203869636
2024-10-14 00:00:00-04:00,136.44805696221857,139.57755854294567,136.27808612883217,138.0478057861328,232347700,0.0,0.0,0.02425824469434046,118.89274124145508,,129.1640354993242,124.33176885497602,4.832266644348181,3.1265616093896234,1.7057050349585574,76.9931228597254,123.72559394836426,7.411853100533812,138.5493001494319,108.90188774729664
2024-10-15 00:00:00-04:00,137.84782283581688,138.547722466739,128.71930149862905,131.57884216308594,377831000,0.0,0.0,-0.046860314701913874,119.51581314086914,,129.535544216826,124.8685891000212,4.6669551168048,3.434640310872659,1.2323148059321412,61.33371903360275,124.52596588134766,7.348993996249758,139.22395387384717,109.82797788884814
2024-10-16 00:00:00-04:00,133.9584403413635,136.5980149944232,131.55883256815804,135.6981658935547,264879700,0.0,0.0,0.03130688538331294,120.14529022216797,,130.48363985939963,125.67077997361628,4.812859885783354,3.710284225854798,1.1025756599285557,64.8676160396979,125.6432861328125,7.258873505628231,140.16103314406897,111.12553912155605
2024-10-17 00:00:00-04:00,139.31759037510415,140.8673441853548,136.8479863322171,136.90797424316406,306435900,0.0,0.0,0.00891543626726965,120.90573699951172,,131.47199899536338,126.50316473432352,4.968834261039859,3.9619942328918105,1.0068400281480487,70.51518907415635,126.59613265991212,7.430907973385067,141.45794860668224,111.73431671314198
2024-10-18 00:00:00-04:00,138.64768884107772,138.87764756674068,137.25791307551907,137.97779846191406,176090200,0.0,0.0,0.007814184854199047,121.56641021728515,,132.47289122098655,127.35313760303393,5.119753617952625,4.1935461099039735,0.9262075080486518,71.29629720491147,127.69595565795899,7.404926246907562,142.50580815177412,112.88610316414386
2024-10-21 00:00:00-04:00,138.1077854115753,143.6868896484375,137.97780144123402,143.6868896484375,264554500,0.0,0.0,0.04137688273160345,122.3456642150879,,134.1981217482867,128.56304516195272,5.63507658633398,4.481852205189975,1.153224381144005,83.26276988689006,129.06823501586913,7.707356703322383,144.4829484225139,113.65352160922437
2024-10-22 00:00:00-04:00,142.88702644418225,144.39677817254247,141.7572032447214,143.56690979003906,226311600,0.0,0.0,-0.0008350090860202997,123.03713958740235,,135.63947375471014,129.67444254181098,5.965031212899163,4.778488006731813,1.1865432061673502,82.19678064070601,130.204052734375,8.096598617108775,146.39724996859258,114.01085550015746
2024-10-23 00:00:00-04:00,142.00715584596583,142.4070854107316,137.43789878035992,139.5375518798828,285930000,0.0,0.0,-0.028066062827771576,123.50566299438476,,136.2391780816598,130.40504323352,5.834134848139797,4.98961737501341,0.8445174731263876,71.72951525816401,131.00642356872558,8.190831885627205,147.38808733998,114.62475979747117
2024-10-24 00:00:00-04:00,140.79735837298583,141.3272719093067,138.4377373361036,140.38742065429688,172354900,0.0,0.0,0.00609060975317699,123.95239318847656,,136.87736924668087,131.14447859802198,5.732890648658895,5.138272029742507,0.594618618916388,70.80311898189558,131.824792098999,8.273305082984711,148.37140226496842,115.27818193302959
2024-10-25 00:00:00-04:00,140.90732467853542,144.1068221770471,140.77735596279692,141.51722717285156,205122100,0.0,0.0,0.008047776027859666,124.32614303588868,,137.5911935430148,131.91283034430566,5.67836319870915,5.246290263535836,0.4320729351733137,69.43193715423747,132.83162956237794,8.159879798060087,149.15138915849812,116.51186996625776
2024-10-28 00:00:00-04:00,142.9770029033179,143.11697977842437,140.02748037021578,140.49740600585938,173586700,0.0,0.0,-0.007206339379067672,124.64510513305665,,138.0383031526832,132.5487248377541,5.489578314929105,5.29494787381449,0.19463044111461514,62.14583554000332,133.7854766845703,7.865454316186161,149.51638531694263,118.054568052198
2024-10-29 00:00:00-04:00,140.26742736816374,142.23711171034327,138.87765156261756,141.22727966308594,157593600,0.0,0.0,0.00519492621234674,124.8702912902832,,138.52891492351438,133.19158075074165,5.337334172772728,5.3034251336061375,0.03390903916659038,63.47966281706582,134.99778175354004,6.954908814039512,148.90759938161906,121.08796412546101
2024-10-30 00:00:00-04:00,139.51754595215704,140.30742741103543,136.78798938993828,139.3175811767578,179418100,0.0,0.0,-0.01352216435014486,125.11227005004883,,138.65024819324412,133.64535856007618,5.004889633167949,5.2437180335185,-0.23882840035055164,57.156420408326625,136.02211685180663,5.8730027153706885,147.768122282548,124.27611142106525
2024-10-31 00:00:00-04:00,137.57788081150406,137.5878737112806,132.08875807974474,132.7386474609375,270039600,0.0,0.0,-0.0472225663139626,125.19767593383789,,137.74077115750464,133.5781947749548,4.162576382549844,5.027489703324769,-0.8649133207749253,47.33123780637299,136.51753730773925,5.06379169911216,146.64512070596356,126.38995390951493
2024-11-01 00:00:00-04:00,134.67833522595924,137.2879161101812,134.5483665061615,135.3782196044922,207127800,0.0,0.0,0.019885483196078635,125.43105010986328,,137.37730168781042,133.71152994751313,3.665771740297288,4.755146110719273,-1.089374370421985,46.44849985790265,137.04145317077638,4.279919988858218,145.6012931484928,128.48161319305996
2024-11-04 00:00:00-05:00,137.18793904541485,138.9376575905799,135.54820341905642,136.0281219482422,187528200,0.0,0.0,0.004800641828860641,125.5648501586914,,137.16973557403068,133.88312935497453,3.2866062190561536,4.461438132386649,-1.1748319133304959,57.003461524050536,137.45788650512696,3.6872623412796983,144.83241118768638,130.08336182256755
2024-11-05 00:00:00-05:00,137.4278859649573,140.3474144064953,137.30791015086248,139.8874969482422,160537400,0.0,0.0,0.028371890640881414,125.8340232849121,,137.58785270852476,134.32789732484622,3.2599553836785446,4.2211415826450285,-0.9611861989664838,56.64869477785214,137.80883026123047,3.5592769380118554,144.9273841372542,130.69027638520674
2024-11-06 00:00:00-05:00,142.9370107400554,146.46644169789403,141.93717159604822,145.58657836914062,242043900,0.0,0.0,0.040740463195271026,126.18038681030274,,138.81842588708105,135.16187369849766,3.6565521885833903,4.108223703832701,-0.45167151524931093,62.05556368076001,138.45672683715821,3.7414060128583704,145.93953886287497,130.97391481144146
2024-11-07 00:00:00-05:00,146.3664587614797,148.9060435973239,146.14649291865044,148.85606384277344,207323300,0.0,0.0,0.022457327524676662,126.64592697143554,,140.3626778802645,136.1762581536292,4.186419726635307,4.123862908393223,0.06255681824208459,64.24086083021183,139.16011505126954,4.296620532376576,147.7533561160227,130.56687398651638
2024-11-08 00:00:00-05:00,148.7460628790407,149.74590195013883,146.236457046531,147.6062469482422,175665800,0.0,0.0,-0.008396143645524212,127.24683135986328,,141.47707312149183,137.0229239902672,4.454149131224625,4.189920152959504,0.2642289782651215,55.80911051917629,139.80151138305663,4.557626608717524,148.9167646004917,130.68625816562158
2024-11-11 00:00:00-05:00,148.65606583595482,148.82605190369284,143.5469028263821,145.2366180419922,182325600,0.0,0.0,-0.016053716934357865,127.76475189208985,,142.05546464772266,137.63134577187645,4.4241188758462044,4.236759897536844,0.18735897830936032,52.320056041271066,140.16095199584962,4.693490429229636,149.5479328543089,130.77397113739033
2024-11-12 00:00:00-05:00,146.7563770410738,149.62591028148023,145.98649668767203,148.26612854003906,198634700,0.0,0.0,0.020859136895978736,128.57060668945311,,143.01095140038672,138.419107458407,4.591843941979704,4.307776706425416,0.2840672355542875,62.474964409334525,140.99531631469728,4.569153999061597,150.13362431282047,131.85700831657408
2024-11-13 00:00:00-05:00,149.04602786184785,149.30598054586102,145.87652436377047,146.24647521972656,191903300,0.0,0.0,-0.013621811941809003,129.37185958862304,,143.50872429566977,138.998912477764,4.5098118179057565,4.348183728721485,0.16162808918427185,58.1028775651547,141.52273178100586,4.534184327825669,150.5911004366572,132.45436312535452
2024-11-14 00:00:00-05:00,147.6162371498861,148.97601887199116,145.52657719098687,146.7363739013672,194463300,0.0,0.0,0.0033498153094260186,130.1629153442383,,144.00528577346938,139.5720577684013,4.433228005068088,4.3651925839908055,0.06803542107728244,57.34796099785947,142.014151763916,4.540310260030162,151.09477228397634,132.93353124385567
2024-11-15 00:00:00-05:00,144.8466877533126,145.2166386002855,140.05746510375218,141.9571533203125,250132900,0.0,0.0,-0.03257011505727392,130.9459651184082,,143.69018847298372,139.74873151298732,3.941456959996401,4.280445459191925,-0.33898849919552365,51.858430872494694,142.21311950683594,4.4402066421739415,151.09353279118383,133.33270622248804
2024-11-18 00:00:00-05:00,139.47755210471132,141.52722527651324,137.1279241566863,140.12744140625,221866000,0.0,0.0,-0.012889184315593716,131.61963851928712,,143.14207353964008,139.77678409767344,3.365289441966638,4.097414255746868,-0.7321248137802296,48.63792023710494,142.03514709472657,4.44935144060613,150.93384997593884,133.1364442135143
2024-11-19 00:00:00-05:00,141.2972716123141,147.10633445236968,140.96732287230222,146.98634338378906,227834900,0.0,0.0,0.04894760018955968,132.39789810180665,,143.73349966950914,140.31082552627458,3.422674143234559,3.962466233244406,-0.539792090009847,58.46017935081952,142.20611877441405,4.575226528941233,151.3565718322965,133.0556657165316
2024-11-20 00:00:00-05:00,147.38629113505743,147.53626090336707,142.70703603144835,145.8665313720703,309871700,0.0,0.0,-0.00761847656006287,132.97760482788087,,144.0616583929801,140.72235929262982,3.3392991003502743,3.83783280666558,-0.49853370631530547,66.46601587215918,142.52256774902344,4.599747304702792,151.722062358429,133.32307313961786
2024-11-21 00:00:00-05:00,149.32598496889756,152.8654088901037,140.67736706254192,146.6464080810547,400946600,0.0,0.0,0.005346508905426095,133.52811630249025,,144.45931219114541,141.16117772140203,3.2981344697433883,3.729893139281142,-0.43175866953775355,64.82505173406483,142.83551712036132,4.659366852531092,152.1542508254235,133.51678341529913
2024-11-22 00:00:00-05:00,145.90650981286518,147.13632286743956,141.07730047570033,141.92715454101562,236406200,0.0,0.0,-0.03218117376206464,133.98504272460937,,144.06974947574082,141.2179167450771,2.851832730663716,3.554281057557657,-0.7024483268939408,57.01043516672584,142.85601348876952,4.654161250855526,152.16433599048057,133.54769098705847
2024-11-25 00:00:00-05:00,141.9671640146257,142.02715192160386,135.79815839357323,135.9981231689453,344941900,0.0,0.0,-0.041775172561195006,134.36978103637696,,142.8279608131569,140.83126536906735,1.9966954440895393,3.2427639348640334,-1.246068490774494,45.59456305471098,142.63104934692382,4.877545624747129,152.38614059641807,132.87595809742956
2024-11-26 00:00:00-05:00,137.6778530821544,139.277601884859,135.64818075181995,136.89797973632812,190287700,0.0,0.0,0.006616683718972727,134.79631256103517,,141.9156560321063,140.53991087775333,1.375745154352984,2.8693601787618235,-1.4936150244088395,38.95806976814538,142.41458435058593,5.036597384461842,152.4877791195096,132.34138958166224
2024-11-27 00:00:00-05:00,134.98827330747284,137.19792446250455,131.77879829463743,135.31822204589844,226370900,0.0,0.0,-0.011539671319272693,135.23564178466796,,140.90066618807433,140.15311911243074,0.7475470756435811,2.444997558138175,-1.697450482494594,32.02333520282953,142.21461639404296,5.2412640935982235,152.6971445812394,131.73208820684653
2024-11-29 00:00:00-05:00,136.75800311530705,139.32759715528792,136.02812477876728,138.22776794433594,141863200,0.0,0.0,0.021501508477185016,135.64317626953124,,140.48945107365304,140.0105005073867,0.4789505662663487,2.05178815976381,-1.5728375934974612,38.07223865303556,142.48907241821288,4.847900184798876,152.18487278781063,132.79327204861514
2024-12-02 00:00:00-05:00,138.8076612979231,140.42739572538855,137.7978293194704,138.60769653320312,171682800,0.0,0.0,0.0027485692239506143,136.09570343017577,,140.19995037512228,139.90658910189163,0.2933612732306585,1.7001027824571797,-1.4067415092265212,41.11975039072991,142.65054626464843,4.648259225912703,151.94706471647385,133.354027812823
2024-12-03 00:00:00-05:00,138.23776359782383,140.51739577472358,137.92781588392697,140.23744201660156,164414000,0.0,0.0,0.011757972494752744,136.57562622070313,,140.20571831996526,139.93109672520347,0.2746215947617827,1.4150065449181004,-1.1403849501563177,38.82551624072772,142.86101226806642,4.422434506419853,151.7058812809061,134.01614325522672
2024-12-04 00:00:00-05:00,141.97715912549498,145.76654278655016,140.26742746830917,145.1166534423828,231224300,0.0,0.0,0.03479250160027614,137.06094818115236,,140.9612468003372,140.31521203758712,0.6460347627500767,1.2612121884844958,-0.6151774257344191,48.54343416221695,143.12247009277343,4.391855693247619,151.90618147926867,134.33875870627818
2024-12-05 00:00:00-05:00,145.0966598316491,146.52652104015894,143.93676281520223,145.04666137695312,172621200,0.01,0.0,-0.00048231587326041936,137.49207870483397,,141.58977211981656,140.66568976642904,0.9240823533875187,1.1937862214651005,-0.26970386807758184,47.797780060798345,143.09547424316406,4.377548215241087,151.85057067364625,134.34037781268188
2024-12-06 00:00:00-05:00,144.58670004061705,145.68658966441174,141.29699424160657,142.42689514160156,188505600,0.0,0.0,-0.018061541096373146,137.86021560668945,,141.71856027701426,140.79614942384922,0.9224108531650472,1.1395111478050899,-0.21710029464004266,50.648735971097786,142.77401580810547,4.163067784123673,151.1001513763528,134.44788023985814
2024-12-09 00:00:00-05:00,138.9572148926683,139.93712045292858,137.1173878488451,138.79722595214844,189308600,0.0,0.0,-0.025484436670788146,138.20855056762696,,141.2691242270349,140.64808101853805,0.6210432084968431,1.0358175599434405,-0.41477435144659736,48.249916788890296,142.33356475830078,4.090270814288676,150.51410638687813,134.15302312972344
2024-12-10 00:00:00-05:00,138.99721154250668,141.80696595909077,133.77769033829185,135.05758666992188,210020900,0.0,0.0,-0.026943184610302207,138.48129302978515,,140.3135030644021,140.23397032604797,0.0795327383541462,0.8445605956255817,-0.7650278572714355,32.90278445422571,141.82461318969726,4.335942173708591,150.49649753711444,133.15272884228008
2024-12-11 00:00:00-05:00,137.3473626393387,140.15710166074888,135.19756655561218,139.29718017578125,184905200,0.0,0.0,0.03139100594341926,138.92761306762696,,140.157145696922,140.16457846306525,-0.0074327661432675995,0.6741619232718119,-0.6815946894150795,41.35722393058623,141.37616577148438,4.0915843799981815,149.55933453148074,133.19299701148802
2024-12-12 00:00:00-05:00,137.0673914713081,138.42726697152892,135.7875104425574,137.32736206054688,159211400,0.0,0.0,-0.014141119818424364,139.29754272460937,,139.72179436824888,139.95441428510094,-0.23261991685205885,0.4928055552470378,-0.7254254720990967,38.11188743128256,140.9302101135254,4.018218775481488,148.96664766448836,132.89377256256242
2024-12-13 00:00:00-05:00,138.92722683278515,139.58716980719961,132.52780616182653,134.23765563964844,231514900,0.0,0.0,-0.022498840540869036,139.52569107055663,,138.87808071769496,139.53095068173408,-0.6528699640391267,0.26367045138980494,-0.9165404154289316,39.7651466746714,140.30527420043944,4.03956361615485,148.38440143274914,132.22614696812974
2024-12-16 00:00:00-05:00,134.16764608739564,134.38762706465963,130.40799755691268,131.98785400390625,237951100,0.0,0.0,-0.01675984003908426,139.66745010375976,,137.81804583865053,138.97220277967276,-1.1541569410222223,-0.019895027092600524,-1.1342619139296217,44.08271060968004,139.80680923461915,4.421983584596031,148.65077640381122,130.96284206542708
2024-12-17 00:00:00-05:00,129.07812250532473,131.57789255271604,126.84833189511964,130.3780059814453,259410300,0.0,0.0,-0.012196940654958244,139.72102111816406,,136.67342432215742,138.33559560943368,-1.6621712872762657,-0.3483502791293336,-1.3138210081469321,40.576989659438496,139.3193374633789,4.896678728693519,149.11269492076593,129.52598000599187
2024-12-18 00:00:00-05:00,133.84768927135005,136.68742440979707,128.2682006428492,128.8981475830078,277444500,0.0,0.0,-0.011350521794666113,139.64161163330078,,135.4772279007498,137.63652538525398,-2.1592974845041795,-0.7105397202043028,-1.4487577642998768,40.69449887603074,138.41492767333983,5.073309239962684,148.5615461532652,128.26830919341447
2024-12-19 00:00:00-05:00,131.7478712095932,134.01766661792476,129.5380830968377,130.66796875,209719200,0.0,0.0,0.013730384805200169,139.60239807128906,,134.73734187755753,137.12033600486478,-2.3829941273072563,-1.0450306016248936,-1.3379635256823628,38.66814269605613,137.65499954223634,5.036550750733939,147.7281010437042,127.58189804076846
2024-12-20 00:00:00-05:00,129.7980572196654,135.26755529215387,128.20820713472543,134.68760681152344,306528600,0.0,0.0,0.030762229641864147,139.60038421630858,,134.7296903289369,136.94013384239506,-2.2104435134581593,-1.2781131839915467,-0.9323303294666125,44.70202431186966,137.05705947875975,4.60422787141167,146.2655152215831,127.84860373593642
2024-12-23 00:00:00-05:00,136.2674627166313,139.77713434768583,135.1075657604122,139.6571502685547,176053500,0.0,0.0,0.03689681311202908,139.6979608154297,,135.4877610888781,137.14139431840687,-1.653633229528765,-1.3532171930989905,-0.30041603642977455,49.280675964098485,136.9435592651367,4.5047598906496695,145.95307904643605,127.93403948383738
2024-12-24 00:00:00-05:00,139.98712655305678,141.88694573903672,138.6372445869122,140.2071075439453,105157000,0.0,0.0,0.003937909905315173,139.74114685058595,,136.21381438965767,137.36848418696528,-1.154669797307605,-1.3135077139407134,0.15883791663310842,43.18244614218903,137.1540084838867,4.556288264634054,146.2665850131548,128.04143195461862
2024-12-26 00:00:00-05:00,139.68715493157526,140.8370583714796,137.7173348045662,139.91712951660156,116205600,0.0,0.0,-0.0020682120359187817,139.90791259765626,,136.78355517841828,137.55727272990129,-0.7737175514830028,-1.2055496814491713,0.4318321299661685,42.92022109817033,137.3049659729004,4.597190309597391,146.49934659209518,128.1105853537056
2024-12-27 00:00:00-05:00,138.53725762424156,139.00721560881072,134.69761453351015,136.9973907470703,170582600,0.0,0.0,-0.02086762914318374,139.93389709472658,,136.8164529582109,137.51579999043233,-0.699347032221425,-1.104309151603622,0.40496211938219706,42.567741439580786,137.388924407959,4.574272946670453,146.5374703012999,128.2403785146181
2024-12-30 00:00:00-05:00,134.81759702407376,140.2570989672278,134.00767398793965,137.47735595703125,167734700,0.0,0.0,0.003503462418835923,139.9452847290039,,136.91813034264482,137.51295228425448,-0.5948219416096663,-1.002411709604831,0.4075897679951648,48.02277967019126,137.35140380859374,4.570105910180096,146.49161562895392,128.21119198823357
2024-12-31 00:00:00-05:00,138.0173106258272,138.05731549303724,133.8176997545706,134.27764892578125,155659200,0.0,0.0,-0.023274429515869333,139.87128173828125,,136.5119024323581,137.27330018362684,-0.7613977512687313,-0.9542089179376112,0.19281116666887987,48.81240927061474,137.13490142822266,4.609850577727848,146.35460258367834,127.91520027276697
2025-01-02 00:00:00-05:00,135.98748671158143,138.8672266066605,134.61761764692358,138.29727172851562,198247200,0.0,0.0,0.02993515923827439,139.7634893798828,,136.78657463176697,137.34914992769268,-0.5625752959257113,-0.8758821935352312,0.3133068976095199,48.467197607771006,137.03789291381835,4.561283627074288,146.16046016796693,127.91532565966978
2025-01-03 00:00:00-05:00,139.99711439640743,144.88666393436952,139.71714137538024,144.4567108154297,229322500,0.0,0.0,0.04453767605051051,139.78128540039063,,137.9665955830997,137.8756359193769,0.09095966372279918,-0.6825138220836252,0.7734734858064244,59.6848715196635,137.0048957824707,4.501763218138665,146.00842221874802,128.00136934619337
2025-01-06 00:00:00-05:00,148.57632545203526,152.14600432101588,147.80640728049391,149.41624450683594,265377400,0.0,0.0,0.03433231771241818,139.97885925292968,,139.72808003290527,138.73049581474422,0.9975842181610517,-0.3464942140346899,1.3440784321957415,69.62251943030734,137.22337493896484,4.991932912295343,147.20724076355552,127.23950911437416
2025-01-07 00:00:00-05:00,153.0159191493047,153.1159160516902,139.99711279126652,140.12710571289062,351782200,0.0,0.0,-0.06216953735254882,139.97365295410157,,139.78946859905687,138.8339483997921,0.9555201992647824,-0.08609133137479544,1.041611530639578,58.90201366474969,137.1083854675293,4.891233124864516,146.89085171725833,127.32591921780028
2025-01-08 00:00:00-05:00,142.5668963792699,143.9367655713296,137.5473535279277,140.0971221923828,227349900,0.0,0.0,-0.00021397373730991376,139.9452508544922,,139.83679992110703,138.92751682887288,0.9092830922341477,0.11298355334699318,0.7962995388871545,61.01043667536506,137.17338027954102,4.923386439764578,147.0201531590702,127.32660740001187
2025-01-10 00:00:00-05:00,137.43735839735214,139.90713250101766,134.20765966847648,135.8975067138672,207602500,0.0,0.0,-0.029976457851494387,139.85325286865233,,139.2307548123009,138.70307163516875,0.5276831771321326,0.19592347810402108,0.33175969902811153,57.46906114303616,137.2153762817383,4.907947068640529,147.03127041901934,127.39948214445722
2025-01-13 00:00:00-05:00,129.97805065881337,133.47772877314173,129.49808381781634,133.21774291992188,204808900,0.0,0.0,-0.019719006321341603,139.69306213378906,,138.3056760596272,138.29675098959493,0.008925070032262283,0.15852379648966933,-0.14959872645740704,52.669047217451755,136.91140441894532,4.960210794108526,146.83182600716236,126.99098283072827
2025-01-14 00:00:00-05:00,136.0374931021696,136.3674645891877,130.03804480886453,131.7478790283203,195590500,0.0,0.0,-0.011033544476767743,139.5416680908203,,137.2967842086569,137.81164936283383,-0.5148651541769311,0.023846006356349245,-0.5387111605332804,46.749228722632395,136.63243026733397,5.090768598120061,146.8139674635741,126.45089307109384
2025-01-15 00:00:00-05:00,133.63770458598145,136.43745017340345,131.277920981104,136.22747802734375,185217300,0.0,0.0,0.03400129878417624,139.61144470214845,,137.13227556537797,137.69430333798272,-0.5620277726047505,-0.0933287494358707,-0.46869902316887974,46.1658996771582,136.73192138671874,5.06085932278324,146.85364003228523,126.61020274115226
2025-01-16 00:00:00-05:00,138.6272498193542,138.73724031386243,133.47772952507327,133.55772399902344,209235600,0.0,0.0,-0.019597764467051526,139.57503479003907,,136.58234455516958,137.38789005361537,-0.805545498445781,-0.23577209923785278,-0.5697733992079282,42.902888524077554,136.8104148864746,4.995154355912003,146.80072359829862,126.82010617465059
2025-01-17 00:00:00-05:00,136.67743145335606,138.48726255165812,135.44754884500142,137.6973419189453,201188800,0.0,0.0,0.030994972031360257,139.60841918945312,,136.75388261113508,137.41081241401017,-0.6569298028750836,-0.32000363996529896,-0.33692616290978467,47.810659258300554,137.1763816833496,4.761754956556266,146.69989159646212,127.65287177023707
2025-01-21 00:00:00-05:00,139.14720257048143,141.8169551308445,137.07738566270945,140.81704711914062,197749000,0.0,0.0,0.022656248528251988,139.6270101928711,,137.37898484313592,137.6631260958717,-0.28414125273576474,-0.31283116251939214,0.0286899097836274,53.75246404185311,137.77232666015624,4.403552224876952,146.57943110991013,128.96522221040235
2025-01-22 00:00:00-05:00,144.64670591256592,147.77640781491758,143.65679142482674,147.05648803710938,237651400,0.0,0.0,0.04430884644733224,139.65640838623048,,138.8678314883626,138.35893068411153,0.5089008042510841,-0.1484847691652969,0.6573855734163809,58.45394793542994,138.5917526245117,4.534828637647142,147.661409899806,129.52209534921744
2025-01-23 00:00:00-05:00,145.03666800279981,147.2164602628041,143.706788444335,147.2064666748047,155915500,0.0,0.0,0.0010198709332529532,139.6234164428711,,140.15069844012294,139.01430372045917,1.1363947196637696,0.1084911286005164,1.0279035910632532,62.05932661004178,139.2176956176758,4.82244530518811,148.862586228052,129.57280500729956
2025-01-24 00:00:00-05:00,148.35634349735062,148.95629439391405,141.86695041120194,142.60687255859375,234657600,0.0,0.0,-0.03124586996828027,139.52342895507812,,140.52857138142613,139.28041993069135,1.248151450734781,0.33642319302736934,0.9117282577074117,53.976745037411256,139.36518173217775,4.881339077366825,149.12785988691138,129.6025035774441
2025-01-27 00:00:00-05:00,124.78852130861458,128.3881809500624,116.68926041493282,118.40910339355469,818830900,0.0,0.0,-0.16968164809235808,138.98687866210938,,137.125576306369,137.73439648349606,-0.6088201771270576,0.14737451899648396,-0.7561946961235415,31.967324638777328,138.2752815246582,6.756722514384048,151.7887265534263,124.7618364958901
2025-01-28 00:00:00-05:00,121.79880142784785,128.9881430022562,116.23931491482392,128.9781494140625,579666400,0.0,0.0,0.08925872857409978,138.60111907958984,,135.87212601524493,137.08578558946394,-1.2136595742190082,-0.12483229964661446,-1.0888272745723937,36.870524647338534,137.72833251953125,7.053071820361361,151.83447616025398,123.62218887880853
2025-01-29 00:00:00-05:00,126.48836708502724,126.87833061040895,120.03896327722832,123.6886215209961,467120600,0.0,0.0,-0.041011038823989265,138.14996200561524,,133.99774070843742,136.09340306587373,-2.0956623574363107,-0.5189983112045538,-1.576664046231757,38.86783254264827,137.06289405822753,7.721786206272926,152.50646647077338,121.61932164568168
2025-01-30 00:00:00-05:00,123.08867408422283,124.9885008224628,118.08913405132431,124.63853454589844,392925500,0.0,0.0,0.007679873970792839,137.70800521850586,,132.55786283727758,135.2448942866163,-2.6870314493387184,-0.9526049388313867,-1.7344265105073315,39.66024872296018,136.4209529876709,8.204122282047711,152.8291975517663,120.01270842357546
2025-01-31 00:00:00-05:00,123.76861793270326,127.83824341487099,119.1790436181177,120.0589599609375,390372900,0.0,0.0,-0.03674284683822637,137.27004135131835,,130.63495470245604,134.12001026249195,-3.485055560035903,-1.45909506307229,-2.025960496963613,39.45968115686548,135.71001853942872,8.979090721953195,153.66819998333511,117.75183709552232
2025-02-03 00:00:00-05:00,114.7394486968032,118.55909714130068,112.99961082645434,116.64927673339844,371235700,0.0,0.0,-0.028400073002868287,136.80047805786134,,128.48331193798563,132.82588185292946,-4.342569914943823,-2.035790033446597,-2.306779881497226,39.08001831141555,134.62761878967285,9.907582286295282,154.4427833622634,114.81245421708229
2025-02-04 00:00:00-05:00,116.94924444838958,121.1888524384042,116.68926621972048,118.63909149169922,256550000,0.0,0.0,0.017058097692697283,136.23353302001954,122.78583801269531,126.9688164847108,131.77500849283834,-4.806192008127539,-2.5898704283827856,-2.2163215797447533,41.419043266985796,133.33673782348632,10.235999501667283,153.80873682682088,112.86473882015176
2025-02-05 00:00:00-05:00,121.74880228526035,124.98850212428793,120.74889426826606,124.81851959228516,262230800,0.0,0.0,0.05208593578127907,135.81257278442382,122.9867147064209,126.63800157818378,131.2597130187233,-4.621711440539514,-2.9962386308141316,-1.625472809725382,42.69432481881093,132.1068515777588,9.664081989430892,151.43501555662058,112.77868759889701
2025-02-06 00:00:00-05:00,127.40827329026631,128.7581551695,125.19847756454047,128.66815185546875,251483600,0.0,0.0,0.030841835616687963,135.45300765991212,123.24918060302734,126.95033239007377,131.06774552514887,-4.117413135075097,-3.220473531666325,-0.896939603408772,46.91559172842677,131.5339038848877,9.50188328004135,150.53767044497042,112.53013732480501
2025-02-07 00:00:00-05:00,129.20811063964976,130.35799871586244,124.9884977355082,129.8280487060547,228186300,0.0,0.0,0.009014638306834799,135.21102554321288,123.50086143493652,127.39305797714776,130.9759161311419,-3.582858153994138,-3.2929504561318876,-0.28990769786225057,44.84204034858599,131.02045021057128,9.28988831182935,149.60022683422997,112.44067358691258
2025-02-10 00:00:00-05:00,130.0780330404282,134.98758517024453,129.94805537047182,133.55772399902344,216989100,0.0,0.0,0.028727808282886125,135.16221755981445,123.75667041778564,128.34146813435942,131.1671611583924,-2.8256930240329723,-3.1994989697121046,0.3738059456791323,45.2795927495675,130.9034610748291,9.239836012051862,149.38313309893283,112.42378905072538
2025-02-11 00:00:00-05:00,132.56781502240796,134.4676342706669,131.0079608594355,132.7877960205078,178902400,0.0,0.0,-0.00576475815446853,135.08001388549803,124.02235523223877,129.02551857838225,131.28720818521575,-2.2616896068334995,-3.011937097136384,0.7502474903028844,40.01120105759519,130.8819637298584,9.234666939181894,149.35129760822218,112.41262985149461
2025-02-12 00:00:00-05:00,130.00805277951918,132.22784993678553,129.0681367435288,131.12794494628906,160278600,0.0,0.0,-0.012500027291381555,134.99620834350586,124.26497062683106,129.34896878882944,131.2754109082582,-1.9264421194287706,-2.7948381015948613,0.8683959821660907,38.977247597629926,130.85096702575683,9.23264767184532,149.3162623694475,112.38567168206619
2025-02-13 00:00:00-05:00,131.54790450828392,136.487452862588,131.15794096754342,135.27755737304688,197430000,0.0,0.0,0.031645523221289995,134.93720413208007,124.50282752990722,130.2610593402475,131.57186620194625,-1.310806861698751,-2.498031853615639,1.1872249919168882,44.94413895297298,130.803470993042,9.205937991336292,149.21534697571457,112.39159501036941
2025-02-14 00:00:00-05:00,136.46744211776974,139.23719160158925,135.4875365315285,138.8372344970703,195479600,0.0,0.0,0.026313877875597136,134.94179489135743,124.75837284088135,131.58047090283563,132.1100416312147,-0.5295707283790705,-2.1043396285683253,1.5747689001892549,69.70105932459043,131.06744651794435,9.363418113423617,149.7942827447916,112.34061029109711
2025-02-18 00:00:00-05:00,141.25701494818574,143.4268135927519,137.91731045487123,139.38717651367188,219176600,0.0,0.0,0.0039610556821711995,134.92478958129882,125.02344062805176,132.78150253527198,132.64908865954487,0.13241387572711005,-1.6569889277092384,1.7894028034363485,62.443202940113146,131.15193824768068,9.433752375310123,150.01944299830092,112.28443349706043
2025-02-19 00:00:00-05:00,139.49716663707372,141.34700263351252,137.2073839146051,139.21719360351562,167536000,0.0,0.0,-0.0012195017820708642,134.8068003845215,125.3044580078125,133.7716088534633,133.13561495169085,0.6359939017724514,-1.1983923618129007,1.834386263585352,71.15228209790928,131.07194557189942,9.353929744367774,149.77980506063497,112.36408608316387
2025-02-20 00:00:00-05:00,140.01712771481476,140.6470746897965,136.7774200315485,140.0971221923828,143903600,0.0,0.0,0.006320545372960007,134.70780960083007,125.5759995651245,134.74476475175862,133.6512821547051,1.0934825970535371,-0.7400173700396131,1.8334999670931502,71.09717628106078,130.72397727966307,8.84352456573252,148.41102641112812,113.03692814819803
2025-02-21 00:00:00-05:00,140.02711787829398,141.4470007486669,134.01767593596887,134.41763305664062,228217600,0.0,0.0,-0.04053965596768683,134.54762435913085,125.80428855895997,134.69443679866356,133.7080488881818,0.986387910481767,-0.3947363139353371,1.381124224417104,69.02489262472797,130.08453559875488,8.012304784457484,146.10914516766985,114.05992602983991
2025-02-24 00:00:00-05:00,136.5474420161462,138.57725415414035,130.06804206967678,130.2680206298828,251381100,0.0,0.0,-0.030871042231559453,134.37704025268556,125.99508003234864,134.01344969577423,133.45323198015964,0.5602177156145842,-0.20374550802535285,0.7639632236399371,67.69749610762082,129.46759300231935,7.452855022341345,144.37330304700203,114.56188295763666
2025-02-25 00:00:00-05:00,129.96804527013506,130.18802626376245,124.42856133510212,126.61835479736328,271428700,0.0,0.0,-0.028016590832288357,134.20825561523438,126.17555057525635,132.8757427883264,132.94694478143398,-0.0712019931075929,-0.17723680504180087,0.10603481193420797,59.94020241988402,129.87805557250977,7.025570915881847,143.92919740427345,115.82691374074608
2025-02-26 00:00:00-05:00,129.97805439122038,133.71770077604796,128.478192299153,131.26792907714844,322553800,0.0,0.0,0.03672117117005835,134.04767059326173,126.37997871398926,132.62838683276055,132.8225732477832,-0.19418641502264222,-0.18062672703796914,-0.01355968798467308,58.352757692490876,129.99254455566407,7.028790604615997,144.05012576489605,115.93496334643207
2025-02-27 00:00:00-05:00,134.9875872324259,134.99758082030266,119.99896764539281,120.13895416259766,443175800,0.0,0.0,-0.08478060858269565,133.70390243530272,126.53708423614502,130.7069356527355,131.88304590813982,-1.1761102554043248,-0.3797234327112403,-0.7963868226930845,40.70606192361762,129.81506118774413,7.23804946463215,144.29116011700845,115.33896225847984
2025-02-28 00:00:00-05:00,118.00914142194866,125.07849083366686,116.38929530836823,124.90850830078125,389091100,0.0,0.0,0.039700313453107094,133.5173194885254,126.71238441467285,129.814869906281,131.3664134927799,-1.5515435864989229,-0.6140874634687769,-0.937456123030146,45.03031227890071,129.82855987548828,7.228132283559923,144.2848244426081,115.37229530836844
2025-03-03 00:00:00-05:00,123.49864257535764,123.68861991301428,112.26967207329028,114.04950714111328,411381400,0.0,0.0,-0.08693564039304158,133.15855255126954,126.83078540802002,127.38942948087058,130.08367968895274,-2.694250208082167,-1.030120012391455,-1.664130195690712,32.77413878474924,129.52808723449706,7.760899894946712,145.0498870243905,114.00628744460364
2025-03-04 00:00:00-05:00,110.63982667322061,119.29902637351395,110.09987541363249,115.97933197021484,398163300,0.0,0.0,0.01692093966450714,132.87057907104492,126.95405208587647,125.63402986384662,129.03891319126845,-3.404883327421828,-1.5050726753975296,-1.8998106520242986,35.45595398969232,129.49458999633788,7.820628405216872,145.1358468067716,113.85333318590413
2025-03-05 00:00:00-05:00,117.56918811598004,118.26912068620358,114.49947076595478,117.28921508789062,284337900,0.0,0.0,0.011294108143442116,132.6384004211426,127.06750362396241,124.35021220600724,128.16856518361084,-3.8183529776035954,-1.967728735838743,-1.8506242417648524,37.952645055501506,129.42709617614747,7.9243813138993895,145.27585880394625,113.5783335483487
2025-03-06 00:00:00-05:00,113.51955654224739,115.3393888375433,110.209863429875,110.55982971191406,321181900,0.0,0.0,-0.057374289451369465,132.23623764038086,127.14866275787354,122.22861489922367,126.8642144079296,-4.635599508705923,-2.501302890412179,-2.1342966182937437,29.406868864588077,128.71416168212892,8.937472322522648,146.58910632717422,110.83921703708361
2025-03-07 00:00:00-05:00,111.2397716760376,113.46957000648335,107.5501084934214,112.67964172363281,341755500,0.0,0.0,0.01917343774173985,131.79607833862303,127.24981788635255,120.75954210297893,125.8135053202039,-5.053963217224975,-3.0118349557747384,-2.042128261450237,27.671568352902653,127.91473617553712,9.630029538635293,147.1747952528077,108.65467709826653
2025-03-10 00:00:00-04:00,109.88989097369002,111.83970852661247,105.45029700249104,106.97016143798828,366487400,0.0,0.0,-0.0506700251998321,131.14233856201173,127.31092437744141,118.6380989237496,124.41770206966942,-5.779603145919822,-3.565388593803755,-2.2142145521160668,24.568574768382874,126.77184181213379,10.689153885485304,148.1501495831044,105.39353404116318
2025-03-11 00:00:00-04:00,106.98015850635034,112.22967568900775,104.76036144852146,108.75,354865700,0.0,0.0,0.016638645189327006,130.5131964111328,127.37790103912353,117.11685293548042,123.2571315459902,-6.140278610509782,-4.080366597144961,-2.059912013364821,26.68708519035883,125.53145561218261,11.283125807362827,148.09770722690826,102.96520399745695
2025-03-12 00:00:00-04:00,114.12000274658203,116.76000213623047,112.87999725341797,115.73999786376953,323857500,0.01,0.0,0.06427584242546702,130.02965377807618,127.48200695037842,116.90502907829413,122.70030682878867,-5.7952777504945345,-4.423348827814876,-1.3719289226796585,32.95610301110517,124.6790657043457,11.349835216352108,147.3787361370499,101.9793952716415
2025-03-13 00:00:00-04:00,117.02999877929688,117.76000213623047,113.79000091552734,115.58000183105469,299033100,0.0,0.0,-0.0013823745953681632,129.60130599975585,127.54108242034913,116.70117873256498,122.17287682895652,-5.471698096391535,-4.633018681530208,-0.8386794148613266,35.714912209650805,123.90166854858398,11.41714874182442,146.73596603223282,101.06737106493514
2025-03-14 00:00:00-04:00,118.61000061035156,121.87999725341797,118.1500015258789,121.66999816894531,277593500,0.0,0.0,0.052690744431657555,129.28515884399414,127.61726226806641,117.4656124920081,122.13562655784457,-4.670014065836469,-4.640417758391461,-0.029596307445007852,43.666280372865316,123.2212905883789,11.104730251535711,145.43075109145033,101.01183008530748
2025-03-17 00:00:00-04:00,122.73999786376953,122.88999938964844,118.02999877929688,119.52999877929688,255501500,0.0,0.0,-0.01758855446580132,128.99020584106447,127.64559432983398,117.78321038236022,121.94261709276697,-4.159406710406742,-4.544215548794518,0.3848088383877757,44.659593143062104,122.25592880249023,10.498408673236325,143.25274614896287,101.25911145601758
2025-03-18 00:00:00-04:00,118.0,119.0199966430664,114.54000091552734,115.43000030517578,299686900,0.0,0.0,-0.03430099988281132,128.53286041259764,127.64880794525146,117.42117806279339,121.46020103442687,-4.039022971633486,-4.4431770333623115,0.40415406172882573,37.96797834975792,121.05806999206543,9.783260262331359,140.62459051672815,101.4915494674027
2025-03-19 00:00:00-04:00,117.2699966430664,120.44999694824219,115.68000030517578,117.5199966430664,273426200,0.0,0.0,0.018106179783115905,127.99412612915039,127.6840894317627,117.43638092129693,121.16833404247424,-3.7319531211773125,-4.300932250925312,0.5689791297479996,47.693636147169975,119.97321014404297,8.81910969590488,137.61142953585272,102.33499075223321
2025-03-20 00:00:00-04:00,116.55000305175781,120.19999694824219,116.47000122070312,118.52999877929688,248829700,0.0,0.0,0.008594300247455555,127.37640121459961,127.7287544631958,117.6046298225277,120.9729018007574,-3.3682719782297,-4.11440019638619,0.7461282181564899,43.98449174220673,118.89485397338868,7.439620827342418,133.77409562807352,104.01561231870384
2025-03-21 00:00:00-04:00,116.94000244140625,117.98999786376953,115.41999816894531,117.69999694824219,266498500,0.0,0.0,-0.0070024621581255,126.92785903930664,127.74244331359863,117.61930168802223,120.73046440427478,-3.111162716252551,-3.913752700359462,0.8025899841069113,54.24591950627477,118.05897216796875,6.481180237013242,131.02133264199523,105.09661169394226
2025-03-24 00:00:00-04:00,119.87999725341797,122.22000122070312,119.33999633789062,121.41000366210938,228452500,0.0,0.0,0.03152087349244903,126.55411666870117,127.76749954223632,118.20248660711256,120.78080064559586,-2.578314038483299,-3.6466649679842296,1.0683509295009306,56.06529646211419,117.61607131958007,5.877493076973947,129.37105747352797,105.86108516563218
2025-03-25 00:00:00-04:00,120.55000305175781,121.29000091552734,118.91999816894531,120.69000244140625,167447200,0.0,0.0,-0.005930328630142645,126.24996658325195,127.75895069122315,118.58518135085005,120.77407485269292,-2.1888935018428697,-3.3551106747559576,1.166217172913088,53.84891563277234,117.31965370178223,5.539353226411718,128.39836015460565,106.24094724895879
2025-03-26 00:00:00-04:00,118.7300033569336,118.83999633789062,112.70999908447266,113.76000213623047,293463300,0.0,0.0,-0.057419837310387245,125.86081176757813,127.72295944213867,117.84284608706243,120.25451391073274,-2.4116678236703137,-3.166422104538829,0.7547542808685153,53.60549272193371,116.44425735473632,4.506104673281748,125.45646670129982,107.43204800817283
2025-03-27 00:00:00-04:00,111.3499984741211,114.44999694824219,110.66000366210938,111.43000030517578,236902100,0.0,0.0,-0.020481731604263254,125.45445419311524,127.67586799621581,116.85625442831063,119.60084623624704,-2.744591807936402,-3.082056045218344,0.33746423728194186,48.59872106872703,116.00880966186523,4.550848981508094,125.11050762488142,106.90711169884904
2025-03-28 00:00:00-04:00,111.48999786376953,112.87000274658203,109.06999969482422,109.66999816894531,229872500,0.0,0.0,-0.015794688426907566,124.92330459594727,127.61546802520752,115.75067654225442,118.86522786089135,-3.114551318636927,-3.088555099902061,-0.02599621873486635,53.3216626664126,115.24688415527343,4.247969101909125,123.74282235909169,106.75094595145518
2025-03-31 00:00:00-04:00,105.12999725341797,110.95999908447266,103.6500015258789,108.37999725341797,299212700,0.0,0.0,-0.011762568952906505,124.41975006103516,127.55296695709228,114.61672588243343,118.08854411218962,-3.4718182297561953,-3.1652077258728877,-0.3066105038833076,49.53922449250276,114.96340866088867,4.512980373703454,123.98936940829559,105.93744791348176
2025-04-01 00:00:00-04:00,108.5199966430664,110.19999694824219,106.47000122070312,110.1500015258789,222614000,0.0,0.0,0.016331466297440977,123.86880325317382,127.47787124633788,113.92953751988658,117.50050392061105,-3.5709664007244726,-3.246359460843205,-0.32460693988126765,41.99828933855152,114.67194213867188,4.6306222079400605,123.93318655455201,105.41069772279175
2025-04-02 00:00:00-04:00,107.29000091552734,111.9800033569336,106.79000091552734,110.41999816894531,220601200,0.0,0.0,0.002451172395153911,123.26086227416992,127.3820809173584,113.38960838897253,116.97602201308025,-3.5864136241077205,-3.314370293496108,-0.27204333061161234,42.636982871316704,114.3284812927246,4.680756694323839,123.68999468137228,104.96696790407692
2025-04-03 00:00:00-04:00,103.51000213623047,105.62999725341797,101.5999984741211,101.80000305175781,338769400,0.0,0.0,-0.07806552490608354,122.35573257446289,127.2318433380127,111.60659218324719,115.8518724603897,-4.245280277142513,-3.5005522902253894,-0.7447279869171233,23.55604039983949,113.8904899597168,5.405667033862286,124.70182402744138,103.07915589199223
2025-04-04 00:00:00-04:00,98.91000366210938,100.12999725341797,92.11000061035156,94.30999755859375,532273800,0.0,0.0,-0.07357569026158028,121.29780319213867,127.04865463256836,108.9455776256082,114.25617802321963,-5.310600397611438,-3.862561911702599,-1.4480384859088389,20.619765458407016,112.97200775146484,6.959510053160598,126.89102785778604,99.05298764514365
2025-04-07 00:00:00-04:00,87.45999908447266,101.75,86.62000274658203,97.63999938964844,611041300,0.0,0.0,0.03530910738265902,120.39846572875976,126.85912162780761,107.206257896999,113.02534997628844,-5.819092079289433,-4.253867945219966,-1.5652241340694673,28.8968044705519,112.50549964904785,7.6604127567254094,127.82632516249866,97.18467413559704
2025-04-08 00:00:00-04:00,103.80999755859375,105.8499984741211,94.45999908447266,96.30000305175781,476243400,0.0,0.0,-0.013723846233787307,119.95628372192382,126.68688270568848,105.52837253619266,111.78643538928617,-6.258062853093506,-4.654706926794674,-1.603355926298832,24.371998806571526,111.88299980163575,8.447113395508003,128.77722659265174,94.98877301061974
2025-04-09 00:00:00-04:00,98.88999938964844,115.0999984741211,97.52999877929688,114.33000183105469,612918300,0.0,0.0,0.18722739572091607,119.66332077026367,126.62583866119385,106.88246935078682,111.97484771830607,-5.092378367519245,-4.742241214939589,-0.3501371525796566,46.40534407490544,111.8125,8.419065925357838,128.65063185071568,94.97436814928432
2025-04-10 00:00:00-04:00,109.37000274658203,110.86000061035156,99.1500015258789,107.56999969482422,437812400,0.0,0.0,-0.05912710599112658,119.34094833374023,126.57328414916992,106.9882432498695,111.64856267952963,-4.6603194296601345,-4.725856857883698,0.06553742822356323,42.12898594282876,111.41199989318848,8.420930946585926,128.25386178636035,94.57013800001663
2025-04-11 00:00:00-04:00,108.5,111.55000305175781,107.4800033569336,110.93000030517578,313417300,0.0,0.0,0.031235480337304722,119.06677764892578,126.49763954162597,107.59466741222431,111.5953358369849,-4.00066842476059,-4.580819171259076,0.5801507464984859,41.81249835342189,110.875,8.067373861515895,127.0097477230318,94.7402522769682
2025-04-14 00:00:00-04:00,114.11000061035156,114.29000091552734,109.06999969482422,110.70999908447266,264705000,0.0,0.0,-0.0019832436680599086,118.87979843139648,126.41934524536133,108.07394920795483,111.52975533679881,-3.4558061288439887,-4.3558165627760586,0.9000104339320698,42.14173058436469,110.43400001525879,7.806193563647788,126.04638714255437,94.82161288796321
2025-04-15 00:00:00-04:00,110.97000122070312,113.62000274658203,110.5,112.19999694824219,228966900,0.0,0.0,0.013458566309197062,118.79081283569336,126.36054801940918,108.70872578338366,111.5794028635724,-2.8706770801887416,-4.058788666258596,1.1881115860698541,48.65655782932049,110.2724998474121,7.7304373856503545,125.73337461871282,94.8116250761114
2025-04-16 00:00:00-04:00,104.55000305175781,106.79000091552734,100.44999694824219,104.48999786376953,397016900,0.0,0.0,-0.06871657124936714,118.50783096313477,126.26545021057129,108.05969071882764,111.0542617524759,-2.9945710336482563,-3.845945139736528,0.8513741060882718,44.53026310346055,109.62099990844726,7.635980126225619,124.8929601608985,94.34903965599602
2025-04-17 00:00:00-04:00,104.44999694824219,104.47000122070312,100.05000305175781,101.48999786376953,290833400,0.0,0.0,-0.02871088201103511,118.04126052856445,126.15155330657959,107.04896874112639,110.34579776071986,-3.296829019593474,-3.7361219157079177,0.43929289611444355,43.67656132762788,108.7689998626709,7.539651356883802,123.8483025764385,93.68969714890329
